{"Bookmarks":[{"MemAddr":"0xX0a6748"},{"MemAddr":"0x 091c84"},{"MemAddr":"0xH097c12"},{"MemAddr":"0xH0a2dec"},{"MemAddr":"0xX0a6748"},{"MemAddr":"0xX078ab4"},{"MemAddr":"0xX07431c","Decimal":true},{"MemAddr":"0xX074330","Decimal":true},{"MemAddr":"0xX0753f0","Decimal":true},{"MemAddr":"0xX0a5198","Decimal":true},{"MemAddr":"0xX09211c","Decimal":true},{"MemAddr":"0xX097880","Decimal":true},{"MemAddr":"0xX09245c","Decimal":true},{"MemAddr":"0xX0a50d4","Decimal":true},{"MemAddr":"0xX0ab134","Decimal":true},{"MemAddr":"0xX09245c","Decimal":true},{"MemAddr":"0xX0a50d4","Decimal":true},{"MemAddr":"0xH0ab284"},{"MemAddr":"0xH1ff850"}]}