{"Bookmarks":[{"MemAddr":"0x 097982","Decimal":true},{"MemAddr":"0x 097c12","Decimal":true},{"MemAddr":"0x 097ea2","Decimal":true},{"MemAddr":"0x 0988e2","Decimal":true},{"MemAddr":"0x 098e02","Decimal":true},{"MemAddr":"0x 099092","Decimal":true},{"MemAddr":"0x 099322","Decimal":true},{"MemAddr":"0x 0995b2","Decimal":true},{"MemAddr":"0x 099842","Decimal":true},{"MemAddr":"0x 099ad2","Decimal":true},{"MemAddr":"0x 099d62","Decimal":true},{"MemAddr":"0x 099ff2","Decimal":true},{"MemAddr":"0x 09a282","Decimal":true},{"MemAddr":"0x 09a7a2","Decimal":true},{"MemAddr":"0x 09b472","Decimal":true},{"MemAddr":"0x 09bc22","Decimal":true},{"MemAddr":"0x 09beb2","Decimal":true},{"MemAddr":"0x 09d332","Decimal":true},{"MemAddr":"0x 09dd72","Decimal":true},{"MemAddr":"0x 098132","Decimal":true},{"MemAddr":"0x 0ab0b8","Decimal":true},{"MemAddr":"0x 07b790","Decimal":true}]}